BEGIN TRANSACTION;
INSERT INTO "BibleSource" ("id", "identifier", "name") VALUES ('src_cpgxxqha9', 'godpeople', '갓피플 성경') ON CONFLICT("identifier") DO UPDATE SET "name" = excluded.name;
INSERT INTO "BibleVersion" ("id", "sourceId", "identifier", "name", "language") VALUES ('ver_481lqc7nc', 'src_cpgxxqha9', 'rvsn', '개역개정', 'ko') ON CONFLICT("sourceId", "identifier") DO UPDATE SET "name" = excluded.name, "language" = excluded.language;
INSERT INTO "Book" ("id", "versionId", "name", "abbreviation", "order") VALUES ('bk_ib4vmr7ik', 'ver_481lqc7nc', '창세기', '창', 1) ON CONFLICT("versionId", "abbreviation") DO UPDATE SET "name" = excluded.name, "order" = excluded."order";
INSERT INTO "Book" ("id", "versionId", "name", "abbreviation", "order") VALUES ('bk_pfhk85kzh', 'ver_481lqc7nc', '출애굽기', '출', 2) ON CONFLICT("versionId", "abbreviation") DO UPDATE SET "name" = excluded.name, "order" = excluded."order";
INSERT INTO "Book" ("id", "versionId", "name", "abbreviation", "order") VALUES ('bk_xty4nww55', 'ver_481lqc7nc', '레위기', '레', 3) ON CONFLICT("versionId", "abbreviation") DO UPDATE SET "name" = excluded.name, "order" = excluded."order";
INSERT INTO "Book" ("id", "versionId", "name", "abbreviation", "order") VALUES ('bk_kwaz88dif', 'ver_481lqc7nc', '민수기', '민', 4) ON CONFLICT("versionId", "abbreviation") DO UPDATE SET "name" = excluded.name, "order" = excluded."order";
INSERT INTO "Book" ("id", "versionId", "name", "abbreviation", "order") VALUES ('bk_l0c2y1stv', 'ver_481lqc7nc', '신명기', '신', 5) ON CONFLICT("versionId", "abbreviation") DO UPDATE SET "name" = excluded.name, "order" = excluded."order";
INSERT INTO "Book" ("id", "versionId", "name", "abbreviation", "order") VALUES ('bk_bgz3pxgfy', 'ver_481lqc7nc', '여호수아', '수', 6) ON CONFLICT("versionId", "abbreviation") DO UPDATE SET "name" = excluded.name, "order" = excluded."order";
INSERT INTO "Book" ("id", "versionId", "name", "abbreviation", "order") VALUES ('bk_ns4b3lzzn', 'ver_481lqc7nc', '사사기', '삿', 7) ON CONFLICT("versionId", "abbreviation") DO UPDATE SET "name" = excluded.name, "order" = excluded."order";
INSERT INTO "Book" ("id", "versionId", "name", "abbreviation", "order") VALUES ('bk_06ge1469y', 'ver_481lqc7nc', '룻기', '룻', 8) ON CONFLICT("versionId", "abbreviation") DO UPDATE SET "name" = excluded.name, "order" = excluded."order";
INSERT INTO "Book" ("id", "versionId", "name", "abbreviation", "order") VALUES ('bk_dgchks7zx', 'ver_481lqc7nc', '사무엘상', '삼상', 9) ON CONFLICT("versionId", "abbreviation") DO UPDATE SET "name" = excluded.name, "order" = excluded."order";
INSERT INTO "Book" ("id", "versionId", "name", "abbreviation", "order") VALUES ('bk_s6s08wnwz', 'ver_481lqc7nc', '사무엘하', '삼하', 10) ON CONFLICT("versionId", "abbreviation") DO UPDATE SET "name" = excluded.name, "order" = excluded."order";
INSERT INTO "Book" ("id", "versionId", "name", "abbreviation", "order") VALUES ('bk_qxztatdr5', 'ver_481lqc7nc', '열왕기상', '왕상', 11) ON CONFLICT("versionId", "abbreviation") DO UPDATE SET "name" = excluded.name, "order" = excluded."order";
INSERT INTO "Book" ("id", "versionId", "name", "abbreviation", "order") VALUES ('bk_v4wil7pra', 'ver_481lqc7nc', '열왕기하', '왕하', 12) ON CONFLICT("versionId", "abbreviation") DO UPDATE SET "name" = excluded.name, "order" = excluded."order";
INSERT INTO "Book" ("id", "versionId", "name", "abbreviation", "order") VALUES ('bk_wi6ozy6pq', 'ver_481lqc7nc', '역대상', '대상', 13) ON CONFLICT("versionId", "abbreviation") DO UPDATE SET "name" = excluded.name, "order" = excluded."order";
INSERT INTO "Book" ("id", "versionId", "name", "abbreviation", "order") VALUES ('bk_gyua4wetp', 'ver_481lqc7nc', '역대하', '대하', 14) ON CONFLICT("versionId", "abbreviation") DO UPDATE SET "name" = excluded.name, "order" = excluded."order";
INSERT INTO "Book" ("id", "versionId", "name", "abbreviation", "order") VALUES ('bk_dp9e7nn80', 'ver_481lqc7nc', '에스라', '스', 15) ON CONFLICT("versionId", "abbreviation") DO UPDATE SET "name" = excluded.name, "order" = excluded."order";
INSERT INTO "Book" ("id", "versionId", "name", "abbreviation", "order") VALUES ('bk_5lvzr6hbt', 'ver_481lqc7nc', '느헤미야', '느', 16) ON CONFLICT("versionId", "abbreviation") DO UPDATE SET "name" = excluded.name, "order" = excluded."order";
INSERT INTO "Book" ("id", "versionId", "name", "abbreviation", "order") VALUES ('bk_igvzfvess', 'ver_481lqc7nc', '에스더', '에', 17) ON CONFLICT("versionId", "abbreviation") DO UPDATE SET "name" = excluded.name, "order" = excluded."order";
INSERT INTO "Book" ("id", "versionId", "name", "abbreviation", "order") VALUES ('bk_l6q5qkwrp', 'ver_481lqc7nc', '욥기', '욥', 18) ON CONFLICT("versionId", "abbreviation") DO UPDATE SET "name" = excluded.name, "order" = excluded."order";
INSERT INTO "Book" ("id", "versionId", "name", "abbreviation", "order") VALUES ('bk_ob5w72evv', 'ver_481lqc7nc', '시편', '시', 19) ON CONFLICT("versionId", "abbreviation") DO UPDATE SET "name" = excluded.name, "order" = excluded."order";
INSERT INTO "Book" ("id", "versionId", "name", "abbreviation", "order") VALUES ('bk_7jski0yl2', 'ver_481lqc7nc', '잠언', '잠', 20) ON CONFLICT("versionId", "abbreviation") DO UPDATE SET "name" = excluded.name, "order" = excluded."order";
INSERT INTO "Book" ("id", "versionId", "name", "abbreviation", "order") VALUES ('bk_8wp6wlxug', 'ver_481lqc7nc', '전도서', '전', 21) ON CONFLICT("versionId", "abbreviation") DO UPDATE SET "name" = excluded.name, "order" = excluded."order";
INSERT INTO "Book" ("id", "versionId", "name", "abbreviation", "order") VALUES ('bk_m2p6jvhft', 'ver_481lqc7nc', '아가', '아', 22) ON CONFLICT("versionId", "abbreviation") DO UPDATE SET "name" = excluded.name, "order" = excluded."order";
INSERT INTO "Book" ("id", "versionId", "name", "abbreviation", "order") VALUES ('bk_x2iwa3tub', 'ver_481lqc7nc', '이사야', '사', 23) ON CONFLICT("versionId", "abbreviation") DO UPDATE SET "name" = excluded.name, "order" = excluded."order";
INSERT INTO "Book" ("id", "versionId", "name", "abbreviation", "order") VALUES ('bk_7ldhunlhx', 'ver_481lqc7nc', '예레미야', '렘', 24) ON CONFLICT("versionId", "abbreviation") DO UPDATE SET "name" = excluded.name, "order" = excluded."order";
INSERT INTO "Book" ("id", "versionId", "name", "abbreviation", "order") VALUES ('bk_4xp6johtj', 'ver_481lqc7nc', '예레미야애가', '애', 25) ON CONFLICT("versionId", "abbreviation") DO UPDATE SET "name" = excluded.name, "order" = excluded."order";
INSERT INTO "Book" ("id", "versionId", "name", "abbreviation", "order") VALUES ('bk_lv1iyav1c', 'ver_481lqc7nc', '에스겔', '겔', 26) ON CONFLICT("versionId", "abbreviation") DO UPDATE SET "name" = excluded.name, "order" = excluded."order";
INSERT INTO "Book" ("id", "versionId", "name", "abbreviation", "order") VALUES ('bk_hglvenav0', 'ver_481lqc7nc', '다니엘', '단', 27) ON CONFLICT("versionId", "abbreviation") DO UPDATE SET "name" = excluded.name, "order" = excluded."order";
INSERT INTO "Book" ("id", "versionId", "name", "abbreviation", "order") VALUES ('bk_sf2thxf5n', 'ver_481lqc7nc', '호세아', '호', 28) ON CONFLICT("versionId", "abbreviation") DO UPDATE SET "name" = excluded.name, "order" = excluded."order";
INSERT INTO "Book" ("id", "versionId", "name", "abbreviation", "order") VALUES ('bk_r8qyhcejw', 'ver_481lqc7nc', '요엘', '욜', 29) ON CONFLICT("versionId", "abbreviation") DO UPDATE SET "name" = excluded.name, "order" = excluded."order";
INSERT INTO "Book" ("id", "versionId", "name", "abbreviation", "order") VALUES ('bk_xkd0h3yk6', 'ver_481lqc7nc', '아모스', '암', 30) ON CONFLICT("versionId", "abbreviation") DO UPDATE SET "name" = excluded.name, "order" = excluded."order";
INSERT INTO "Book" ("id", "versionId", "name", "abbreviation", "order") VALUES ('bk_jgnchj96g', 'ver_481lqc7nc', '오바댜', '옵', 31) ON CONFLICT("versionId", "abbreviation") DO UPDATE SET "name" = excluded.name, "order" = excluded."order";
INSERT INTO "Book" ("id", "versionId", "name", "abbreviation", "order") VALUES ('bk_qn2xab2a7', 'ver_481lqc7nc', '요나', '욘', 32) ON CONFLICT("versionId", "abbreviation") DO UPDATE SET "name" = excluded.name, "order" = excluded."order";
INSERT INTO "Book" ("id", "versionId", "name", "abbreviation", "order") VALUES ('bk_r7gxwumsu', 'ver_481lqc7nc', '미가', '미', 33) ON CONFLICT("versionId", "abbreviation") DO UPDATE SET "name" = excluded.name, "order" = excluded."order";
INSERT INTO "Book" ("id", "versionId", "name", "abbreviation", "order") VALUES ('bk_qwljzbacs', 'ver_481lqc7nc', '나훔', '나', 34) ON CONFLICT("versionId", "abbreviation") DO UPDATE SET "name" = excluded.name, "order" = excluded."order";
INSERT INTO "Book" ("id", "versionId", "name", "abbreviation", "order") VALUES ('bk_15kov2rsm', 'ver_481lqc7nc', '하박국', '합', 35) ON CONFLICT("versionId", "abbreviation") DO UPDATE SET "name" = excluded.name, "order" = excluded."order";
INSERT INTO "Book" ("id", "versionId", "name", "abbreviation", "order") VALUES ('bk_ap2no416t', 'ver_481lqc7nc', '스바냐', '습', 36) ON CONFLICT("versionId", "abbreviation") DO UPDATE SET "name" = excluded.name, "order" = excluded."order";
INSERT INTO "Book" ("id", "versionId", "name", "abbreviation", "order") VALUES ('bk_5f4p3rw9q', 'ver_481lqc7nc', '학개', '학', 37) ON CONFLICT("versionId", "abbreviation") DO UPDATE SET "name" = excluded.name, "order" = excluded."order";
INSERT INTO "Book" ("id", "versionId", "name", "abbreviation", "order") VALUES ('bk_ph2rhpkfl', 'ver_481lqc7nc', '스가랴', '슥', 38) ON CONFLICT("versionId", "abbreviation") DO UPDATE SET "name" = excluded.name, "order" = excluded."order";
INSERT INTO "Book" ("id", "versionId", "name", "abbreviation", "order") VALUES ('bk_pj8ppmv4q', 'ver_481lqc7nc', '말라기', '말', 39) ON CONFLICT("versionId", "abbreviation") DO UPDATE SET "name" = excluded.name, "order" = excluded."order";
INSERT INTO "Book" ("id", "versionId", "name", "abbreviation", "order") VALUES ('bk_vlvmuf5g3', 'ver_481lqc7nc', '마태복음', '마', 40) ON CONFLICT("versionId", "abbreviation") DO UPDATE SET "name" = excluded.name, "order" = excluded."order";
INSERT INTO "Book" ("id", "versionId", "name", "abbreviation", "order") VALUES ('bk_7hjsoml6t', 'ver_481lqc7nc', '마가복음', '막', 41) ON CONFLICT("versionId", "abbreviation") DO UPDATE SET "name" = excluded.name, "order" = excluded."order";
INSERT INTO "Book" ("id", "versionId", "name", "abbreviation", "order") VALUES ('bk_t0shmf4nl', 'ver_481lqc7nc', '누가복음', '눅', 42) ON CONFLICT("versionId", "abbreviation") DO UPDATE SET "name" = excluded.name, "order" = excluded."order";
INSERT INTO "Book" ("id", "versionId", "name", "abbreviation", "order") VALUES ('bk_oix7uyb8s', 'ver_481lqc7nc', '요한복음', '요', 43) ON CONFLICT("versionId", "abbreviation") DO UPDATE SET "name" = excluded.name, "order" = excluded."order";
INSERT INTO "Book" ("id", "versionId", "name", "abbreviation", "order") VALUES ('bk_d5ofmyjxo', 'ver_481lqc7nc', '사도행전', '행', 44) ON CONFLICT("versionId", "abbreviation") DO UPDATE SET "name" = excluded.name, "order" = excluded."order";
INSERT INTO "Book" ("id", "versionId", "name", "abbreviation", "order") VALUES ('bk_cpq4lpu9u', 'ver_481lqc7nc', '로마서', '롬', 45) ON CONFLICT("versionId", "abbreviation") DO UPDATE SET "name" = excluded.name, "order" = excluded."order";
INSERT INTO "Book" ("id", "versionId", "name", "abbreviation", "order") VALUES ('bk_zqpomchcy', 'ver_481lqc7nc', '고린도전서', '고전', 46) ON CONFLICT("versionId", "abbreviation") DO UPDATE SET "name" = excluded.name, "order" = excluded."order";
INSERT INTO "Book" ("id", "versionId", "name", "abbreviation", "order") VALUES ('bk_wtmzp0sfj', 'ver_481lqc7nc', '고린도후서', '고후', 47) ON CONFLICT("versionId", "abbreviation") DO UPDATE SET "name" = excluded.name, "order" = excluded."order";
INSERT INTO "Book" ("id", "versionId", "name", "abbreviation", "order") VALUES ('bk_fy9r3vvmd', 'ver_481lqc7nc', '갈라디아서', '갈', 48) ON CONFLICT("versionId", "abbreviation") DO UPDATE SET "name" = excluded.name, "order" = excluded."order";
INSERT INTO "Book" ("id", "versionId", "name", "abbreviation", "order") VALUES ('bk_9uuqh1gmg', 'ver_481lqc7nc', '에베소서', '엡', 49) ON CONFLICT("versionId", "abbreviation") DO UPDATE SET "name" = excluded.name, "order" = excluded."order";
INSERT INTO "Book" ("id", "versionId", "name", "abbreviation", "order") VALUES ('bk_mjwzbhbfx', 'ver_481lqc7nc', '빌립보서', '빌', 50) ON CONFLICT("versionId", "abbreviation") DO UPDATE SET "name" = excluded.name, "order" = excluded."order";
INSERT INTO "Book" ("id", "versionId", "name", "abbreviation", "order") VALUES ('bk_qhwgtdap3', 'ver_481lqc7nc', '골로새서', '골', 51) ON CONFLICT("versionId", "abbreviation") DO UPDATE SET "name" = excluded.name, "order" = excluded."order";
INSERT INTO "Book" ("id", "versionId", "name", "abbreviation", "order") VALUES ('bk_syenvoxlr', 'ver_481lqc7nc', '데살로니가전서', '살전', 52) ON CONFLICT("versionId", "abbreviation") DO UPDATE SET "name" = excluded.name, "order" = excluded."order";
INSERT INTO "Book" ("id", "versionId", "name", "abbreviation", "order") VALUES ('bk_bift80syw', 'ver_481lqc7nc', '데살로니가후서', '살후', 53) ON CONFLICT("versionId", "abbreviation") DO UPDATE SET "name" = excluded.name, "order" = excluded."order";
INSERT INTO "Book" ("id", "versionId", "name", "abbreviation", "order") VALUES ('bk_4jxgyuf5y', 'ver_481lqc7nc', '디모데전서', '딤전', 54) ON CONFLICT("versionId", "abbreviation") DO UPDATE SET "name" = excluded.name, "order" = excluded."order";
INSERT INTO "Book" ("id", "versionId", "name", "abbreviation", "order") VALUES ('bk_izp0roux0', 'ver_481lqc7nc', '디모데후서', '딤후', 55) ON CONFLICT("versionId", "abbreviation") DO UPDATE SET "name" = excluded.name, "order" = excluded."order";
INSERT INTO "Book" ("id", "versionId", "name", "abbreviation", "order") VALUES ('bk_hsqecjgm3', 'ver_481lqc7nc', '디도서', '딛', 56) ON CONFLICT("versionId", "abbreviation") DO UPDATE SET "name" = excluded.name, "order" = excluded."order";
INSERT INTO "Book" ("id", "versionId", "name", "abbreviation", "order") VALUES ('bk_iot25qngy', 'ver_481lqc7nc', '빌레몬서', '몬', 57) ON CONFLICT("versionId", "abbreviation") DO UPDATE SET "name" = excluded.name, "order" = excluded."order";
INSERT INTO "Book" ("id", "versionId", "name", "abbreviation", "order") VALUES ('bk_xu0373otw', 'ver_481lqc7nc', '히브리서', '히', 58) ON CONFLICT("versionId", "abbreviation") DO UPDATE SET "name" = excluded.name, "order" = excluded."order";
INSERT INTO "Book" ("id", "versionId", "name", "abbreviation", "order") VALUES ('bk_4w0ykjx8r', 'ver_481lqc7nc', '야고보서', '약', 59) ON CONFLICT("versionId", "abbreviation") DO UPDATE SET "name" = excluded.name, "order" = excluded."order";
INSERT INTO "Book" ("id", "versionId", "name", "abbreviation", "order") VALUES ('bk_yxiylfp9s', 'ver_481lqc7nc', '베드로전서', '벧전', 60) ON CONFLICT("versionId", "abbreviation") DO UPDATE SET "name" = excluded.name, "order" = excluded."order";
INSERT INTO "Book" ("id", "versionId", "name", "abbreviation", "order") VALUES ('bk_s2k66r3l0', 'ver_481lqc7nc', '베드로후서', '벧후', 61) ON CONFLICT("versionId", "abbreviation") DO UPDATE SET "name" = excluded.name, "order" = excluded."order";
INSERT INTO "Book" ("id", "versionId", "name", "abbreviation", "order") VALUES ('bk_8civw04ic', 'ver_481lqc7nc', '요한일서', '요일', 62) ON CONFLICT("versionId", "abbreviation") DO UPDATE SET "name" = excluded.name, "order" = excluded."order";
INSERT INTO "Book" ("id", "versionId", "name", "abbreviation", "order") VALUES ('bk_oca34h37m', 'ver_481lqc7nc', '요한이서', '요이', 63) ON CONFLICT("versionId", "abbreviation") DO UPDATE SET "name" = excluded.name, "order" = excluded."order";
INSERT INTO "Book" ("id", "versionId", "name", "abbreviation", "order") VALUES ('bk_7um7vspko', 'ver_481lqc7nc', '요한삼서', '요삼', 64) ON CONFLICT("versionId", "abbreviation") DO UPDATE SET "name" = excluded.name, "order" = excluded."order";
INSERT INTO "Book" ("id", "versionId", "name", "abbreviation", "order") VALUES ('bk_msanozypm', 'ver_481lqc7nc', '유다서', '유', 65) ON CONFLICT("versionId", "abbreviation") DO UPDATE SET "name" = excluded.name, "order" = excluded."order";
INSERT INTO "Book" ("id", "versionId", "name", "abbreviation", "order") VALUES ('bk_q2mhndjrx', 'ver_481lqc7nc', '요한계시록', '계', 66) ON CONFLICT("versionId", "abbreviation") DO UPDATE SET "name" = excluded.name, "order" = excluded."order";
INSERT INTO "BibleVersion" ("id", "sourceId", "identifier", "name", "language") VALUES ('ver_bnftriox0', 'src_cpgxxqha9', 'ezsn', '쉬운성경', 'ko') ON CONFLICT("sourceId", "identifier") DO UPDATE SET "name" = excluded.name, "language" = excluded.language;
INSERT INTO "Book" ("id", "versionId", "name", "abbreviation", "order") VALUES ('bk_b2a1wkzln', 'ver_bnftriox0', '창세기', '창', 1) ON CONFLICT("versionId", "abbreviation") DO UPDATE SET "name" = excluded.name, "order" = excluded."order";
INSERT INTO "Book" ("id", "versionId", "name", "abbreviation", "order") VALUES ('bk_7wpmedufj', 'ver_bnftriox0', '출애굽기', '출', 2) ON CONFLICT("versionId", "abbreviation") DO UPDATE SET "name" = excluded.name, "order" = excluded."order";
INSERT INTO "Book" ("id", "versionId", "name", "abbreviation", "order") VALUES ('bk_aliawrbl5', 'ver_bnftriox0', '레위기', '레', 3) ON CONFLICT("versionId", "abbreviation") DO UPDATE SET "name" = excluded.name, "order" = excluded."order";
INSERT INTO "Book" ("id", "versionId", "name", "abbreviation", "order") VALUES ('bk_2n26ffwuk', 'ver_bnftriox0', '민수기', '민', 4) ON CONFLICT("versionId", "abbreviation") DO UPDATE SET "name" = excluded.name, "order" = excluded."order";
INSERT INTO "Book" ("id", "versionId", "name", "abbreviation", "order") VALUES ('bk_rolwakbd1', 'ver_bnftriox0', '신명기', '신', 5) ON CONFLICT("versionId", "abbreviation") DO UPDATE SET "name" = excluded.name, "order" = excluded."order";
INSERT INTO "Book" ("id", "versionId", "name", "abbreviation", "order") VALUES ('bk_5ajo488qp', 'ver_bnftriox0', '여호수아', '수', 6) ON CONFLICT("versionId", "abbreviation") DO UPDATE SET "name" = excluded.name, "order" = excluded."order";
INSERT INTO "Book" ("id", "versionId", "name", "abbreviation", "order") VALUES ('bk_yjussmm7y', 'ver_bnftriox0', '사사기', '삿', 7) ON CONFLICT("versionId", "abbreviation") DO UPDATE SET "name" = excluded.name, "order" = excluded."order";
INSERT INTO "Book" ("id", "versionId", "name", "abbreviation", "order") VALUES ('bk_9jcwt919g', 'ver_bnftriox0', '룻기', '룻', 8) ON CONFLICT("versionId", "abbreviation") DO UPDATE SET "name" = excluded.name, "order" = excluded."order";
INSERT INTO "Book" ("id", "versionId", "name", "abbreviation", "order") VALUES ('bk_yyue5ebg6', 'ver_bnftriox0', '사무엘상', '삼상', 9) ON CONFLICT("versionId", "abbreviation") DO UPDATE SET "name" = excluded.name, "order" = excluded."order";
INSERT INTO "Book" ("id", "versionId", "name", "abbreviation", "order") VALUES ('bk_e5cvx1md3', 'ver_bnftriox0', '사무엘하', '삼하', 10) ON CONFLICT("versionId", "abbreviation") DO UPDATE SET "name" = excluded.name, "order" = excluded."order";
INSERT INTO "Book" ("id", "versionId", "name", "abbreviation", "order") VALUES ('bk_59p38aaku', 'ver_bnftriox0', '열왕기상', '왕상', 11) ON CONFLICT("versionId", "abbreviation") DO UPDATE SET "name" = excluded.name, "order" = excluded."order";
INSERT INTO "Book" ("id", "versionId", "name", "abbreviation", "order") VALUES ('bk_dge9ogqei', 'ver_bnftriox0', '열왕기하', '왕하', 12) ON CONFLICT("versionId", "abbreviation") DO UPDATE SET "name" = excluded.name, "order" = excluded."order";
INSERT INTO "Book" ("id", "versionId", "name", "abbreviation", "order") VALUES ('bk_kup0aqe9q', 'ver_bnftriox0', '역대상', '대상', 13) ON CONFLICT("versionId", "abbreviation") DO UPDATE SET "name" = excluded.name, "order" = excluded."order";
INSERT INTO "Book" ("id", "versionId", "name", "abbreviation", "order") VALUES ('bk_29h59nfcw', 'ver_bnftriox0', '역대하', '대하', 14) ON CONFLICT("versionId", "abbreviation") DO UPDATE SET "name" = excluded.name, "order" = excluded."order";
INSERT INTO "Book" ("id", "versionId", "name", "abbreviation", "order") VALUES ('bk_0z91tvrhs', 'ver_bnftriox0', '에스라', '스', 15) ON CONFLICT("versionId", "abbreviation") DO UPDATE SET "name" = excluded.name, "order" = excluded."order";
INSERT INTO "Book" ("id", "versionId", "name", "abbreviation", "order") VALUES ('bk_f8z1y2djx', 'ver_bnftriox0', '느헤미야', '느', 16) ON CONFLICT("versionId", "abbreviation") DO UPDATE SET "name" = excluded.name, "order" = excluded."order";
INSERT INTO "Book" ("id", "versionId", "name", "abbreviation", "order") VALUES ('bk_5nnaq8rkg', 'ver_bnftriox0', '에스더', '에', 17) ON CONFLICT("versionId", "abbreviation") DO UPDATE SET "name" = excluded.name, "order" = excluded."order";
INSERT INTO "Book" ("id", "versionId", "name", "abbreviation", "order") VALUES ('bk_4rawh6z51', 'ver_bnftriox0', '욥기', '욥', 18) ON CONFLICT("versionId", "abbreviation") DO UPDATE SET "name" = excluded.name, "order" = excluded."order";
INSERT INTO "Book" ("id", "versionId", "name", "abbreviation", "order") VALUES ('bk_r9rsn1z1s', 'ver_bnftriox0', '시편', '시', 19) ON CONFLICT("versionId", "abbreviation") DO UPDATE SET "name" = excluded.name, "order" = excluded."order";
INSERT INTO "Book" ("id", "versionId", "name", "abbreviation", "order") VALUES ('bk_2smmhcn91', 'ver_bnftriox0', '잠언', '잠', 20) ON CONFLICT("versionId", "abbreviation") DO UPDATE SET "name" = excluded.name, "order" = excluded."order";
INSERT INTO "Book" ("id", "versionId", "name", "abbreviation", "order") VALUES ('bk_5yejslw1r', 'ver_bnftriox0', '전도서', '전', 21) ON CONFLICT("versionId", "abbreviation") DO UPDATE SET "name" = excluded.name, "order" = excluded."order";
INSERT INTO "Book" ("id", "versionId", "name", "abbreviation", "order") VALUES ('bk_1hnr2qgb6', 'ver_bnftriox0', '아가', '아', 22) ON CONFLICT("versionId", "abbreviation") DO UPDATE SET "name" = excluded.name, "order" = excluded."order";
INSERT INTO "Book" ("id", "versionId", "name", "abbreviation", "order") VALUES ('bk_6d6h7jdop', 'ver_bnftriox0', '이사야', '사', 23) ON CONFLICT("versionId", "abbreviation") DO UPDATE SET "name" = excluded.name, "order" = excluded."order";
INSERT INTO "Book" ("id", "versionId", "name", "abbreviation", "order") VALUES ('bk_5sixtiy4t', 'ver_bnftriox0', '예레미야', '렘', 24) ON CONFLICT("versionId", "abbreviation") DO UPDATE SET "name" = excluded.name, "order" = excluded."order";
INSERT INTO "Book" ("id", "versionId", "name", "abbreviation", "order") VALUES ('bk_98vofn6k8', 'ver_bnftriox0', '예레미야애가', '애', 25) ON CONFLICT("versionId", "abbreviation") DO UPDATE SET "name" = excluded.name, "order" = excluded."order";
INSERT INTO "Book" ("id", "versionId", "name", "abbreviation", "order") VALUES ('bk_vzk5krgr6', 'ver_bnftriox0', '에스겔', '겔', 26) ON CONFLICT("versionId", "abbreviation") DO UPDATE SET "name" = excluded.name, "order" = excluded."order";
INSERT INTO "Book" ("id", "versionId", "name", "abbreviation", "order") VALUES ('bk_zf6qnaqen', 'ver_bnftriox0', '다니엘', '단', 27) ON CONFLICT("versionId", "abbreviation") DO UPDATE SET "name" = excluded.name, "order" = excluded."order";
INSERT INTO "Book" ("id", "versionId", "name", "abbreviation", "order") VALUES ('bk_ncb3nf5ob', 'ver_bnftriox0', '호세아', '호', 28) ON CONFLICT("versionId", "abbreviation") DO UPDATE SET "name" = excluded.name, "order" = excluded."order";
INSERT INTO "Book" ("id", "versionId", "name", "abbreviation", "order") VALUES ('bk_m4olvy825', 'ver_bnftriox0', '요엘', '욜', 29) ON CONFLICT("versionId", "abbreviation") DO UPDATE SET "name" = excluded.name, "order" = excluded."order";
INSERT INTO "Book" ("id", "versionId", "name", "abbreviation", "order") VALUES ('bk_0y0drgkuu', 'ver_bnftriox0', '아모스', '암', 30) ON CONFLICT("versionId", "abbreviation") DO UPDATE SET "name" = excluded.name, "order" = excluded."order";
INSERT INTO "Book" ("id", "versionId", "name", "abbreviation", "order") VALUES ('bk_56dnsa2mv', 'ver_bnftriox0', '오바댜', '옵', 31) ON CONFLICT("versionId", "abbreviation") DO UPDATE SET "name" = excluded.name, "order" = excluded."order";
INSERT INTO "Book" ("id", "versionId", "name", "abbreviation", "order") VALUES ('bk_ylx0yiodl', 'ver_bnftriox0', '요나', '욘', 32) ON CONFLICT("versionId", "abbreviation") DO UPDATE SET "name" = excluded.name, "order" = excluded."order";
INSERT INTO "Book" ("id", "versionId", "name", "abbreviation", "order") VALUES ('bk_dy0zd701h', 'ver_bnftriox0', '미가', '미', 33) ON CONFLICT("versionId", "abbreviation") DO UPDATE SET "name" = excluded.name, "order" = excluded."order";
INSERT INTO "Book" ("id", "versionId", "name", "abbreviation", "order") VALUES ('bk_2orncpzh7', 'ver_bnftriox0', '나훔', '나', 34) ON CONFLICT("versionId", "abbreviation") DO UPDATE SET "name" = excluded.name, "order" = excluded."order";
INSERT INTO "Book" ("id", "versionId", "name", "abbreviation", "order") VALUES ('bk_7ry8o27at', 'ver_bnftriox0', '하박국', '합', 35) ON CONFLICT("versionId", "abbreviation") DO UPDATE SET "name" = excluded.name, "order" = excluded."order";
INSERT INTO "Book" ("id", "versionId", "name", "abbreviation", "order") VALUES ('bk_fsswwg7i0', 'ver_bnftriox0', '스바냐', '습', 36) ON CONFLICT("versionId", "abbreviation") DO UPDATE SET "name" = excluded.name, "order" = excluded."order";
INSERT INTO "Book" ("id", "versionId", "name", "abbreviation", "order") VALUES ('bk_o2gopvmp5', 'ver_bnftriox0', '학개', '학', 37) ON CONFLICT("versionId", "abbreviation") DO UPDATE SET "name" = excluded.name, "order" = excluded."order";
INSERT INTO "Book" ("id", "versionId", "name", "abbreviation", "order") VALUES ('bk_cbev9ca2d', 'ver_bnftriox0', '스가랴', '슥', 38) ON CONFLICT("versionId", "abbreviation") DO UPDATE SET "name" = excluded.name, "order" = excluded."order";
INSERT INTO "Book" ("id", "versionId", "name", "abbreviation", "order") VALUES ('bk_le40deku2', 'ver_bnftriox0', '말라기', '말', 39) ON CONFLICT("versionId", "abbreviation") DO UPDATE SET "name" = excluded.name, "order" = excluded."order";
INSERT INTO "Book" ("id", "versionId", "name", "abbreviation", "order") VALUES ('bk_yw8v4u26e', 'ver_bnftriox0', '마태복음', '마', 40) ON CONFLICT("versionId", "abbreviation") DO UPDATE SET "name" = excluded.name, "order" = excluded."order";
INSERT INTO "Book" ("id", "versionId", "name", "abbreviation", "order") VALUES ('bk_dhmxx3wnw', 'ver_bnftriox0', '마가복음', '막', 41) ON CONFLICT("versionId", "abbreviation") DO UPDATE SET "name" = excluded.name, "order" = excluded."order";
INSERT INTO "Book" ("id", "versionId", "name", "abbreviation", "order") VALUES ('bk_wk4xlgnj0', 'ver_bnftriox0', '누가복음', '눅', 42) ON CONFLICT("versionId", "abbreviation") DO UPDATE SET "name" = excluded.name, "order" = excluded."order";
INSERT INTO "Book" ("id", "versionId", "name", "abbreviation", "order") VALUES ('bk_nn4tqmfn3', 'ver_bnftriox0', '요한복음', '요', 43) ON CONFLICT("versionId", "abbreviation") DO UPDATE SET "name" = excluded.name, "order" = excluded."order";
INSERT INTO "Book" ("id", "versionId", "name", "abbreviation", "order") VALUES ('bk_y1mnvvv77', 'ver_bnftriox0', '사도행전', '행', 44) ON CONFLICT("versionId", "abbreviation") DO UPDATE SET "name" = excluded.name, "order" = excluded."order";
INSERT INTO "Book" ("id", "versionId", "name", "abbreviation", "order") VALUES ('bk_dama0ioqk', 'ver_bnftriox0', '로마서', '롬', 45) ON CONFLICT("versionId", "abbreviation") DO UPDATE SET "name" = excluded.name, "order" = excluded."order";
INSERT INTO "Book" ("id", "versionId", "name", "abbreviation", "order") VALUES ('bk_kvj9l1tjt', 'ver_bnftriox0', '고린도전서', '고전', 46) ON CONFLICT("versionId", "abbreviation") DO UPDATE SET "name" = excluded.name, "order" = excluded."order";
INSERT INTO "Book" ("id", "versionId", "name", "abbreviation", "order") VALUES ('bk_251rs295y', 'ver_bnftriox0', '고린도후서', '고후', 47) ON CONFLICT("versionId", "abbreviation") DO UPDATE SET "name" = excluded.name, "order" = excluded."order";
INSERT INTO "Book" ("id", "versionId", "name", "abbreviation", "order") VALUES ('bk_pyanij7ts', 'ver_bnftriox0', '갈라디아서', '갈', 48) ON CONFLICT("versionId", "abbreviation") DO UPDATE SET "name" = excluded.name, "order" = excluded."order";
INSERT INTO "Book" ("id", "versionId", "name", "abbreviation", "order") VALUES ('bk_rbvyvagd9', 'ver_bnftriox0', '에베소서', '엡', 49) ON CONFLICT("versionId", "abbreviation") DO UPDATE SET "name" = excluded.name, "order" = excluded."order";
INSERT INTO "Book" ("id", "versionId", "name", "abbreviation", "order") VALUES ('bk_bwmzzmz2q', 'ver_bnftriox0', '빌립보서', '빌', 50) ON CONFLICT("versionId", "abbreviation") DO UPDATE SET "name" = excluded.name, "order" = excluded."order";
INSERT INTO "Book" ("id", "versionId", "name", "abbreviation", "order") VALUES ('bk_93dh3lb50', 'ver_bnftriox0', '골로새서', '골', 51) ON CONFLICT("versionId", "abbreviation") DO UPDATE SET "name" = excluded.name, "order" = excluded."order";
INSERT INTO "Book" ("id", "versionId", "name", "abbreviation", "order") VALUES ('bk_0ipeym7j9', 'ver_bnftriox0', '데살로니가전서', '살전', 52) ON CONFLICT("versionId", "abbreviation") DO UPDATE SET "name" = excluded.name, "order" = excluded."order";
INSERT INTO "Book" ("id", "versionId", "name", "abbreviation", "order") VALUES ('bk_jo9zgs3rr', 'ver_bnftriox0', '데살로니가후서', '살후', 53) ON CONFLICT("versionId", "abbreviation") DO UPDATE SET "name" = excluded.name, "order" = excluded."order";
INSERT INTO "Book" ("id", "versionId", "name", "abbreviation", "order") VALUES ('bk_yko6vc2fk', 'ver_bnftriox0', '디모데전서', '딤전', 54) ON CONFLICT("versionId", "abbreviation") DO UPDATE SET "name" = excluded.name, "order" = excluded."order";
INSERT INTO "Book" ("id", "versionId", "name", "abbreviation", "order") VALUES ('bk_o2s2yomoh', 'ver_bnftriox0', '디모데후서', '딤후', 55) ON CONFLICT("versionId", "abbreviation") DO UPDATE SET "name" = excluded.name, "order" = excluded."order";
INSERT INTO "Book" ("id", "versionId", "name", "abbreviation", "order") VALUES ('bk_8c75vzvx0', 'ver_bnftriox0', '디도서', '딛', 56) ON CONFLICT("versionId", "abbreviation") DO UPDATE SET "name" = excluded.name, "order" = excluded."order";
INSERT INTO "Book" ("id", "versionId", "name", "abbreviation", "order") VALUES ('bk_0wkt4y6wb', 'ver_bnftriox0', '빌레몬서', '몬', 57) ON CONFLICT("versionId", "abbreviation") DO UPDATE SET "name" = excluded.name, "order" = excluded."order";
INSERT INTO "Book" ("id", "versionId", "name", "abbreviation", "order") VALUES ('bk_9zmxdxdmp', 'ver_bnftriox0', '히브리서', '히', 58) ON CONFLICT("versionId", "abbreviation") DO UPDATE SET "name" = excluded.name, "order" = excluded."order";
INSERT INTO "Book" ("id", "versionId", "name", "abbreviation", "order") VALUES ('bk_6mipqjvde', 'ver_bnftriox0', '야고보서', '약', 59) ON CONFLICT("versionId", "abbreviation") DO UPDATE SET "name" = excluded.name, "order" = excluded."order";
INSERT INTO "Book" ("id", "versionId", "name", "abbreviation", "order") VALUES ('bk_255tpght0', 'ver_bnftriox0', '베드로전서', '벧전', 60) ON CONFLICT("versionId", "abbreviation") DO UPDATE SET "name" = excluded.name, "order" = excluded."order";
INSERT INTO "Book" ("id", "versionId", "name", "abbreviation", "order") VALUES ('bk_edluwt8ps', 'ver_bnftriox0', '베드로후서', '벧후', 61) ON CONFLICT("versionId", "abbreviation") DO UPDATE SET "name" = excluded.name, "order" = excluded."order";
INSERT INTO "Book" ("id", "versionId", "name", "abbreviation", "order") VALUES ('bk_6ldx91hw1', 'ver_bnftriox0', '요한일서', '요일', 62) ON CONFLICT("versionId", "abbreviation") DO UPDATE SET "name" = excluded.name, "order" = excluded."order";
INSERT INTO "Book" ("id", "versionId", "name", "abbreviation", "order") VALUES ('bk_nhe1pt5ir', 'ver_bnftriox0', '요한이서', '요이', 63) ON CONFLICT("versionId", "abbreviation") DO UPDATE SET "name" = excluded.name, "order" = excluded."order";
INSERT INTO "Book" ("id", "versionId", "name", "abbreviation", "order") VALUES ('bk_bis0goe2p', 'ver_bnftriox0', '요한삼서', '요삼', 64) ON CONFLICT("versionId", "abbreviation") DO UPDATE SET "name" = excluded.name, "order" = excluded."order";
INSERT INTO "Book" ("id", "versionId", "name", "abbreviation", "order") VALUES ('bk_dte1ys81f', 'ver_bnftriox0', '유다서', '유', 65) ON CONFLICT("versionId", "abbreviation") DO UPDATE SET "name" = excluded.name, "order" = excluded."order";
INSERT INTO "Book" ("id", "versionId", "name", "abbreviation", "order") VALUES ('bk_e88eewj3r', 'ver_bnftriox0', '요한계시록', '계', 66) ON CONFLICT("versionId", "abbreviation") DO UPDATE SET "name" = excluded.name, "order" = excluded."order";
INSERT INTO "BibleSource" ("id", "identifier", "name") VALUES ('src_9i14t6qcr', 'godpia', '갓피아 성경') ON CONFLICT("identifier") DO UPDATE SET "name" = excluded.name;
INSERT INTO "BibleVersion" ("id", "sourceId", "identifier", "name", "language") VALUES ('ver_mmjlqx5oq', 'src_9i14t6qcr', 'han', '개역한글', 'ko') ON CONFLICT("sourceId", "identifier") DO UPDATE SET "name" = excluded.name, "language" = excluded.language;
INSERT INTO "Book" ("id", "versionId", "name", "abbreviation", "order") VALUES ('bk_g6eq1bcrh', 'ver_mmjlqx5oq', '창세기', 'gen', 1) ON CONFLICT("versionId", "abbreviation") DO UPDATE SET "name" = excluded.name, "order" = excluded."order";
INSERT INTO "Book" ("id", "versionId", "name", "abbreviation", "order") VALUES ('bk_bkljnl23z', 'ver_mmjlqx5oq', '출애굽기', 'exo', 2) ON CONFLICT("versionId", "abbreviation") DO UPDATE SET "name" = excluded.name, "order" = excluded."order";
INSERT INTO "Book" ("id", "versionId", "name", "abbreviation", "order") VALUES ('bk_d7dsdm6gs', 'ver_mmjlqx5oq', '레위기', 'lev', 3) ON CONFLICT("versionId", "abbreviation") DO UPDATE SET "name" = excluded.name, "order" = excluded."order";
INSERT INTO "Book" ("id", "versionId", "name", "abbreviation", "order") VALUES ('bk_vc5072oyr', 'ver_mmjlqx5oq', '민수기', 'num', 4) ON CONFLICT("versionId", "abbreviation") DO UPDATE SET "name" = excluded.name, "order" = excluded."order";
INSERT INTO "Book" ("id", "versionId", "name", "abbreviation", "order") VALUES ('bk_ghzqg53xv', 'ver_mmjlqx5oq', '신명기', 'deu', 5) ON CONFLICT("versionId", "abbreviation") DO UPDATE SET "name" = excluded.name, "order" = excluded."order";
INSERT INTO "Book" ("id", "versionId", "name", "abbreviation", "order") VALUES ('bk_4skudcxz0', 'ver_mmjlqx5oq', '여호수아', 'jos', 6) ON CONFLICT("versionId", "abbreviation") DO UPDATE SET "name" = excluded.name, "order" = excluded."order";
INSERT INTO "Book" ("id", "versionId", "name", "abbreviation", "order") VALUES ('bk_oon0jklvd', 'ver_mmjlqx5oq', '사사기', 'jdg', 7) ON CONFLICT("versionId", "abbreviation") DO UPDATE SET "name" = excluded.name, "order" = excluded."order";
INSERT INTO "Book" ("id", "versionId", "name", "abbreviation", "order") VALUES ('bk_o67ln4jvf', 'ver_mmjlqx5oq', '룻기', 'rut', 8) ON CONFLICT("versionId", "abbreviation") DO UPDATE SET "name" = excluded.name, "order" = excluded."order";
INSERT INTO "Book" ("id", "versionId", "name", "abbreviation", "order") VALUES ('bk_ka8gpyslx', 'ver_mmjlqx5oq', '사무엘상', '1sa', 9) ON CONFLICT("versionId", "abbreviation") DO UPDATE SET "name" = excluded.name, "order" = excluded."order";
INSERT INTO "Book" ("id", "versionId", "name", "abbreviation", "order") VALUES ('bk_zwfixqfrv', 'ver_mmjlqx5oq', '사무엘하', '2sa', 10) ON CONFLICT("versionId", "abbreviation") DO UPDATE SET "name" = excluded.name, "order" = excluded."order";
INSERT INTO "Book" ("id", "versionId", "name", "abbreviation", "order") VALUES ('bk_57lqhf6x4', 'ver_mmjlqx5oq', '열왕기상', '1ki', 11) ON CONFLICT("versionId", "abbreviation") DO UPDATE SET "name" = excluded.name, "order" = excluded."order";
INSERT INTO "Book" ("id", "versionId", "name", "abbreviation", "order") VALUES ('bk_w80egy55w', 'ver_mmjlqx5oq', '열왕기하', '2ki', 12) ON CONFLICT("versionId", "abbreviation") DO UPDATE SET "name" = excluded.name, "order" = excluded."order";
INSERT INTO "Book" ("id", "versionId", "name", "abbreviation", "order") VALUES ('bk_oqkguu9eq', 'ver_mmjlqx5oq', '역대상', '1ch', 13) ON CONFLICT("versionId", "abbreviation") DO UPDATE SET "name" = excluded.name, "order" = excluded."order";
INSERT INTO "Book" ("id", "versionId", "name", "abbreviation", "order") VALUES ('bk_qdpclj3u8', 'ver_mmjlqx5oq', '역대하', '2ch', 14) ON CONFLICT("versionId", "abbreviation") DO UPDATE SET "name" = excluded.name, "order" = excluded."order";
INSERT INTO "Book" ("id", "versionId", "name", "abbreviation", "order") VALUES ('bk_emdqbeqgt', 'ver_mmjlqx5oq', '에스라', 'ezr', 15) ON CONFLICT("versionId", "abbreviation") DO UPDATE SET "name" = excluded.name, "order" = excluded."order";
INSERT INTO "Book" ("id", "versionId", "name", "abbreviation", "order") VALUES ('bk_0j87vq6cr', 'ver_mmjlqx5oq', '느헤미야', 'neh', 16) ON CONFLICT("versionId", "abbreviation") DO UPDATE SET "name" = excluded.name, "order" = excluded."order";
INSERT INTO "Book" ("id", "versionId", "name", "abbreviation", "order") VALUES ('bk_91yr3n5mp', 'ver_mmjlqx5oq', '에스더', 'est', 17) ON CONFLICT("versionId", "abbreviation") DO UPDATE SET "name" = excluded.name, "order" = excluded."order";
INSERT INTO "Book" ("id", "versionId", "name", "abbreviation", "order") VALUES ('bk_qvkjithwj', 'ver_mmjlqx5oq', '욥기', 'job', 18) ON CONFLICT("versionId", "abbreviation") DO UPDATE SET "name" = excluded.name, "order" = excluded."order";
INSERT INTO "Book" ("id", "versionId", "name", "abbreviation", "order") VALUES ('bk_91y4lhe88', 'ver_mmjlqx5oq', '시편', 'psa', 19) ON CONFLICT("versionId", "abbreviation") DO UPDATE SET "name" = excluded.name, "order" = excluded."order";
INSERT INTO "Book" ("id", "versionId", "name", "abbreviation", "order") VALUES ('bk_xups1lirv', 'ver_mmjlqx5oq', '잠언', 'pro', 20) ON CONFLICT("versionId", "abbreviation") DO UPDATE SET "name" = excluded.name, "order" = excluded."order";
INSERT INTO "Book" ("id", "versionId", "name", "abbreviation", "order") VALUES ('bk_m4jqz1dln', 'ver_mmjlqx5oq', '전도서', 'ecc', 21) ON CONFLICT("versionId", "abbreviation") DO UPDATE SET "name" = excluded.name, "order" = excluded."order";
INSERT INTO "Book" ("id", "versionId", "name", "abbreviation", "order") VALUES ('bk_2zl9rgpxn', 'ver_mmjlqx5oq', '아가', 'sng', 22) ON CONFLICT("versionId", "abbreviation") DO UPDATE SET "name" = excluded.name, "order" = excluded."order";
INSERT INTO "Book" ("id", "versionId", "name", "abbreviation", "order") VALUES ('bk_ia8ul1h69', 'ver_mmjlqx5oq', '이사야', 'isa', 23) ON CONFLICT("versionId", "abbreviation") DO UPDATE SET "name" = excluded.name, "order" = excluded."order";
INSERT INTO "Book" ("id", "versionId", "name", "abbreviation", "order") VALUES ('bk_dd2uyp9ki', 'ver_mmjlqx5oq', '예레미야', 'jer', 24) ON CONFLICT("versionId", "abbreviation") DO UPDATE SET "name" = excluded.name, "order" = excluded."order";
INSERT INTO "Book" ("id", "versionId", "name", "abbreviation", "order") VALUES ('bk_u9yt1kfnt', 'ver_mmjlqx5oq', '예레미야애가', 'lam', 25) ON CONFLICT("versionId", "abbreviation") DO UPDATE SET "name" = excluded.name, "order" = excluded."order";
INSERT INTO "Book" ("id", "versionId", "name", "abbreviation", "order") VALUES ('bk_95t21ndzt', 'ver_mmjlqx5oq', '에스겔', 'ezk', 26) ON CONFLICT("versionId", "abbreviation") DO UPDATE SET "name" = excluded.name, "order" = excluded."order";
INSERT INTO "Book" ("id", "versionId", "name", "abbreviation", "order") VALUES ('bk_gef8m5y2g', 'ver_mmjlqx5oq', '다니엘', 'dan', 27) ON CONFLICT("versionId", "abbreviation") DO UPDATE SET "name" = excluded.name, "order" = excluded."order";
INSERT INTO "Book" ("id", "versionId", "name", "abbreviation", "order") VALUES ('bk_obxnwcadj', 'ver_mmjlqx5oq', '호세아', 'hos', 28) ON CONFLICT("versionId", "abbreviation") DO UPDATE SET "name" = excluded.name, "order" = excluded."order";
INSERT INTO "Book" ("id", "versionId", "name", "abbreviation", "order") VALUES ('bk_3vdzwerwg', 'ver_mmjlqx5oq', '요엘', 'jol', 29) ON CONFLICT("versionId", "abbreviation") DO UPDATE SET "name" = excluded.name, "order" = excluded."order";
INSERT INTO "Book" ("id", "versionId", "name", "abbreviation", "order") VALUES ('bk_bu725rdic', 'ver_mmjlqx5oq', '아모스', 'amo', 30) ON CONFLICT("versionId", "abbreviation") DO UPDATE SET "name" = excluded.name, "order" = excluded."order";
INSERT INTO "Book" ("id", "versionId", "name", "abbreviation", "order") VALUES ('bk_ugxz5gu8s', 'ver_mmjlqx5oq', '오바댜', 'oba', 31) ON CONFLICT("versionId", "abbreviation") DO UPDATE SET "name" = excluded.name, "order" = excluded."order";
INSERT INTO "Book" ("id", "versionId", "name", "abbreviation", "order") VALUES ('bk_ep8ez2k7u', 'ver_mmjlqx5oq', '요나', 'jnh', 32) ON CONFLICT("versionId", "abbreviation") DO UPDATE SET "name" = excluded.name, "order" = excluded."order";
INSERT INTO "Book" ("id", "versionId", "name", "abbreviation", "order") VALUES ('bk_58sg2rf8r', 'ver_mmjlqx5oq', '미가', 'mic', 33) ON CONFLICT("versionId", "abbreviation") DO UPDATE SET "name" = excluded.name, "order" = excluded."order";
INSERT INTO "Book" ("id", "versionId", "name", "abbreviation", "order") VALUES ('bk_x24yse9hm', 'ver_mmjlqx5oq', '나훔', 'nam', 34) ON CONFLICT("versionId", "abbreviation") DO UPDATE SET "name" = excluded.name, "order" = excluded."order";
INSERT INTO "Book" ("id", "versionId", "name", "abbreviation", "order") VALUES ('bk_7gdkhnr6m', 'ver_mmjlqx5oq', '하박국', 'hab', 35) ON CONFLICT("versionId", "abbreviation") DO UPDATE SET "name" = excluded.name, "order" = excluded."order";
INSERT INTO "Book" ("id", "versionId", "name", "abbreviation", "order") VALUES ('bk_ey8xihasn', 'ver_mmjlqx5oq', '스바냐', 'zep', 36) ON CONFLICT("versionId", "abbreviation") DO UPDATE SET "name" = excluded.name, "order" = excluded."order";
INSERT INTO "Book" ("id", "versionId", "name", "abbreviation", "order") VALUES ('bk_bu2fejdfz', 'ver_mmjlqx5oq', '학개', 'hag', 37) ON CONFLICT("versionId", "abbreviation") DO UPDATE SET "name" = excluded.name, "order" = excluded."order";
INSERT INTO "Book" ("id", "versionId", "name", "abbreviation", "order") VALUES ('bk_cdk3rk3rw', 'ver_mmjlqx5oq', '스가랴', 'zec', 38) ON CONFLICT("versionId", "abbreviation") DO UPDATE SET "name" = excluded.name, "order" = excluded."order";
INSERT INTO "Book" ("id", "versionId", "name", "abbreviation", "order") VALUES ('bk_rw3n2xfa1', 'ver_mmjlqx5oq', '말라기', 'mal', 39) ON CONFLICT("versionId", "abbreviation") DO UPDATE SET "name" = excluded.name, "order" = excluded."order";
INSERT INTO "Book" ("id", "versionId", "name", "abbreviation", "order") VALUES ('bk_mrm0hyx1j', 'ver_mmjlqx5oq', '마태복음', 'mat', 40) ON CONFLICT("versionId", "abbreviation") DO UPDATE SET "name" = excluded.name, "order" = excluded."order";
INSERT INTO "Book" ("id", "versionId", "name", "abbreviation", "order") VALUES ('bk_8t7jxzq19', 'ver_mmjlqx5oq', '마가복음', 'mrk', 41) ON CONFLICT("versionId", "abbreviation") DO UPDATE SET "name" = excluded.name, "order" = excluded."order";
INSERT INTO "Book" ("id", "versionId", "name", "abbreviation", "order") VALUES ('bk_znf8ajvsj', 'ver_mmjlqx5oq', '누가복음', 'luk', 42) ON CONFLICT("versionId", "abbreviation") DO UPDATE SET "name" = excluded.name, "order" = excluded."order";
INSERT INTO "Book" ("id", "versionId", "name", "abbreviation", "order") VALUES ('bk_bb52fzryg', 'ver_mmjlqx5oq', '요한복음', 'jhn', 43) ON CONFLICT("versionId", "abbreviation") DO UPDATE SET "name" = excluded.name, "order" = excluded."order";
INSERT INTO "Book" ("id", "versionId", "name", "abbreviation", "order") VALUES ('bk_y4ql5mv4v', 'ver_mmjlqx5oq', '사도행전', 'act', 44) ON CONFLICT("versionId", "abbreviation") DO UPDATE SET "name" = excluded.name, "order" = excluded."order";
INSERT INTO "Book" ("id", "versionId", "name", "abbreviation", "order") VALUES ('bk_yt9gsojqc', 'ver_mmjlqx5oq', '로마서', 'rom', 45) ON CONFLICT("versionId", "abbreviation") DO UPDATE SET "name" = excluded.name, "order" = excluded."order";
INSERT INTO "Book" ("id", "versionId", "name", "abbreviation", "order") VALUES ('bk_06nrqlpz6', 'ver_mmjlqx5oq', '고린도전서', '1co', 46) ON CONFLICT("versionId", "abbreviation") DO UPDATE SET "name" = excluded.name, "order" = excluded."order";
INSERT INTO "Book" ("id", "versionId", "name", "abbreviation", "order") VALUES ('bk_4dv4qkoge', 'ver_mmjlqx5oq', '고린도후서', '2co', 47) ON CONFLICT("versionId", "abbreviation") DO UPDATE SET "name" = excluded.name, "order" = excluded."order";
INSERT INTO "Book" ("id", "versionId", "name", "abbreviation", "order") VALUES ('bk_hqvqcgwj9', 'ver_mmjlqx5oq', '갈라디아서', 'gal', 48) ON CONFLICT("versionId", "abbreviation") DO UPDATE SET "name" = excluded.name, "order" = excluded."order";
INSERT INTO "Book" ("id", "versionId", "name", "abbreviation", "order") VALUES ('bk_onr8f4d7c', 'ver_mmjlqx5oq', '에베소서', 'eph', 49) ON CONFLICT("versionId", "abbreviation") DO UPDATE SET "name" = excluded.name, "order" = excluded."order";
INSERT INTO "Book" ("id", "versionId", "name", "abbreviation", "order") VALUES ('bk_z0cdigjy9', 'ver_mmjlqx5oq', '빌립보서', 'php', 50) ON CONFLICT("versionId", "abbreviation") DO UPDATE SET "name" = excluded.name, "order" = excluded."order";
INSERT INTO "Book" ("id", "versionId", "name", "abbreviation", "order") VALUES ('bk_9sxvinbpr', 'ver_mmjlqx5oq', '골로새서', 'col', 51) ON CONFLICT("versionId", "abbreviation") DO UPDATE SET "name" = excluded.name, "order" = excluded."order";
INSERT INTO "Book" ("id", "versionId", "name", "abbreviation", "order") VALUES ('bk_52m8gghgf', 'ver_mmjlqx5oq', '데살로니가전서', '1th', 52) ON CONFLICT("versionId", "abbreviation") DO UPDATE SET "name" = excluded.name, "order" = excluded."order";
INSERT INTO "Book" ("id", "versionId", "name", "abbreviation", "order") VALUES ('bk_mme567dhc', 'ver_mmjlqx5oq', '데살로니가후서', '2th', 53) ON CONFLICT("versionId", "abbreviation") DO UPDATE SET "name" = excluded.name, "order" = excluded."order";
INSERT INTO "Book" ("id", "versionId", "name", "abbreviation", "order") VALUES ('bk_v5mnl4xxh', 'ver_mmjlqx5oq', '디모데전서', '1ti', 54) ON CONFLICT("versionId", "abbreviation") DO UPDATE SET "name" = excluded.name, "order" = excluded."order";
INSERT INTO "Book" ("id", "versionId", "name", "abbreviation", "order") VALUES ('bk_9n785p69b', 'ver_mmjlqx5oq', '디모데후서', '2ti', 55) ON CONFLICT("versionId", "abbreviation") DO UPDATE SET "name" = excluded.name, "order" = excluded."order";
INSERT INTO "Book" ("id", "versionId", "name", "abbreviation", "order") VALUES ('bk_lves2t9sf', 'ver_mmjlqx5oq', '디도서', 'tit', 56) ON CONFLICT("versionId", "abbreviation") DO UPDATE SET "name" = excluded.name, "order" = excluded."order";
INSERT INTO "Book" ("id", "versionId", "name", "abbreviation", "order") VALUES ('bk_clh3r7x5l', 'ver_mmjlqx5oq', '빌레몬서', 'phm', 57) ON CONFLICT("versionId", "abbreviation") DO UPDATE SET "name" = excluded.name, "order" = excluded."order";
INSERT INTO "Book" ("id", "versionId", "name", "abbreviation", "order") VALUES ('bk_10pjtaqml', 'ver_mmjlqx5oq', '히브리서', 'heb', 58) ON CONFLICT("versionId", "abbreviation") DO UPDATE SET "name" = excluded.name, "order" = excluded."order";
INSERT INTO "Book" ("id", "versionId", "name", "abbreviation", "order") VALUES ('bk_1sgca0xwf', 'ver_mmjlqx5oq', '야고보서', 'jas', 59) ON CONFLICT("versionId", "abbreviation") DO UPDATE SET "name" = excluded.name, "order" = excluded."order";
INSERT INTO "Book" ("id", "versionId", "name", "abbreviation", "order") VALUES ('bk_nkarbf4mh', 'ver_mmjlqx5oq', '베드로전서', '1pe', 60) ON CONFLICT("versionId", "abbreviation") DO UPDATE SET "name" = excluded.name, "order" = excluded."order";
INSERT INTO "Book" ("id", "versionId", "name", "abbreviation", "order") VALUES ('bk_05eitxe6q', 'ver_mmjlqx5oq', '베드로후서', '2pe', 61) ON CONFLICT("versionId", "abbreviation") DO UPDATE SET "name" = excluded.name, "order" = excluded."order";
INSERT INTO "Book" ("id", "versionId", "name", "abbreviation", "order") VALUES ('bk_3rx7tuoed', 'ver_mmjlqx5oq', '요한일서', '1jn', 62) ON CONFLICT("versionId", "abbreviation") DO UPDATE SET "name" = excluded.name, "order" = excluded."order";
INSERT INTO "Book" ("id", "versionId", "name", "abbreviation", "order") VALUES ('bk_kqe84td3o', 'ver_mmjlqx5oq', '요한이서', '2jn', 63) ON CONFLICT("versionId", "abbreviation") DO UPDATE SET "name" = excluded.name, "order" = excluded."order";
INSERT INTO "Book" ("id", "versionId", "name", "abbreviation", "order") VALUES ('bk_acqt01uwj', 'ver_mmjlqx5oq', '요한삼서', '3jn', 64) ON CONFLICT("versionId", "abbreviation") DO UPDATE SET "name" = excluded.name, "order" = excluded."order";
INSERT INTO "Book" ("id", "versionId", "name", "abbreviation", "order") VALUES ('bk_s0e07pso3', 'ver_mmjlqx5oq', '유다서', 'jud', 65) ON CONFLICT("versionId", "abbreviation") DO UPDATE SET "name" = excluded.name, "order" = excluded."order";
INSERT INTO "Book" ("id", "versionId", "name", "abbreviation", "order") VALUES ('bk_4jbzhgiyl', 'ver_mmjlqx5oq', '요한계시록', 'rev', 66) ON CONFLICT("versionId", "abbreviation") DO UPDATE SET "name" = excluded.name, "order" = excluded."order";
COMMIT;
